nome,id
Ana Bezerra,001
Bruno Cavalcanti,002
Camila Ferreira,003
Daniel Souza,004
Elisa Moura,005
Felipe Andrade,006
Gabriela Monteiro,007
Henrique Rocha,008
Isabella Tavares,009
João Pedro Lima,010
Karla Nogueira,011
Lucas Bastos,012
Mariana Teixeira,013
Nelson Duarte,014
Olívia Ramos,015
Paulo Henrique,016
Queila Almeida,017
Rafael Campos,018
Sabrina Vidal,019
Thiago Martins,020
Ubirajara Pinto,021
Vanessa Luz,022
Wagner Coelho,023
Xênia Braga,024
Yago Silveira,025
Zuleica Melo,026
Arthur Menezes,027
Bianca Sales,028
César Queiroz,029
Denise Fontes,030