nome,cpf
Amanda Ribeiro,123.456.789-01
Bruno Silva,234.567.890-12
Carla Souza,345.678.901-23
Diego Martins,456.789.012-34
Eduarda Lima,567.890.123-45
Fernando Rocha,678.901.234-56
Giovana Alves,789.012.345-67
Henrique Torres,890.123.456-78
Isadora Freitas,901.234.567-89
João Victor Nunes,012.345.678-90
Karen Duarte,135.792.468-01
Leandro Costa,246.813.579-12
Milena Gomes,357.924.680-23
Nathan Barros,468.135.791-34
Olívia Mendes,579.246.802-45
Pedro Henrique,680.357.913-56
Queila Fernandes,791.468.024-67
Rodrigo Sampaio,802.579.135-78
Sabrina Castro,913.680.246-89
Tiago Farias,024.791.357-90
Úrsula Vieira,111.222.333-44
Vinícius Prado,222.333.444-55
Willian Antunes,333.444.555-66
Ximena Lopes,444.555.666-77
Yasmin Cardoso,555.666.777-88
Zeca Mello,666.777.888-99
Aline Freire,777.888.999-00
Bruno Teles,888.999.000-11
Camila Figueira,999.000.111-22
Daniela Borges,000.111.222-33